<?xml version="1.0" encoding="utf-8" standalone="yes" ?>
<rss version="2.0" xmlns:atom="http://www.w3.org/2005/Atom">
  <channel>
    <title>Posts on Noel&#39;s Blog </title>
    <link>http://localhost:1313/post/</link>
    <description>Recent content in Posts on Noel&#39;s Blog </description>
    <generator>Hugo -- gohugo.io</generator>
    <language>en</language>
    <lastBuildDate>Sun, 13 Oct 2019 14:42:11 +0800</lastBuildDate>
    
	<atom:link href="http://localhost:1313/post/index.xml" rel="self" type="application/rss+xml" />
    
    
    <item>
      <title>Linux常用命令</title>
      <link>http://localhost:1313/post/2019.10.13_linux%E5%B8%B8%E7%94%A8%E5%91%BD%E4%BB%A4/</link>
      <pubDate>Sun, 13 Oct 2019 14:42:11 +0800</pubDate>
      
      <guid>http://localhost:1313/post/2019.10.13_linux%E5%B8%B8%E7%94%A8%E5%91%BD%E4%BB%A4/</guid>
      <description>zip命令 使用unzip的时候有时候想把文件解压到一个新的文件夹，如果直接写一个新目录会报错 在要解压的目的地的前面加个参数－d，就能新建一个</description>
    </item>
    
    <item>
      <title>golang ldfalgs的小技巧</title>
      <link>http://localhost:1313/post/2019.9.12_golang-ldfalgs%E7%9A%84%E5%B0%8F%E6%8A%80%E5%B7%A7/</link>
      <pubDate>Mon, 26 Aug 2019 14:42:11 +0800</pubDate>
      
      <guid>http://localhost:1313/post/2019.9.12_golang-ldfalgs%E7%9A%84%E5%B0%8F%E6%8A%80%E5%B7%A7/</guid>
      <description>&lt;h3 id=&#34;问题&#34;&gt;问题&lt;/h3&gt;

&lt;p&gt;如果想要在go build生成的可执行文件中注入编译时间，git hash等信息。可以在编译的时候使用-ldflags -X参数来注入变量&lt;/p&gt;

&lt;p&gt;-ldfflags -X 可以在go install 、go build、go run  、go test中使用&lt;/p&gt;

&lt;p&gt;&lt;strong&gt;go build -ldflags &amp;ldquo;-X  &amp;lsquo; packageName.varName=cmd &amp;rsquo; &amp;ldquo;&lt;/strong&gt;&lt;/p&gt;</description>
    </item>
    
    <item>
      <title>Receiver has generic name</title>
      <link>http://localhost:1313/post/2019.8.26_receiver-has-generic-name/</link>
      <pubDate>Mon, 26 Aug 2019 14:42:11 +0800</pubDate>
      
      <guid>http://localhost:1313/post/2019.8.26_receiver-has-generic-name/</guid>
      <description>&lt;h4 id=&#34;问题&#34;&gt;问题&lt;/h4&gt;

&lt;p&gt;Golang的&lt;strong&gt;方法接收者&lt;/strong&gt;就是在函数名前的括号内的东西  如&lt;/p&gt;
&lt;div class=&#34;highlight&#34;&gt;&lt;div class=&#34;chroma&#34;&gt;
&lt;table class=&#34;lntable&#34;&gt;&lt;tr&gt;&lt;td class=&#34;lntd&#34;&gt;
&lt;pre class=&#34;chroma&#34;&gt;&lt;code class=&#34;language-go&#34; data-lang=&#34;go&#34;&gt;&lt;span class=&#34;lnt&#34;&gt;1
&lt;/span&gt;&lt;/code&gt;&lt;/pre&gt;&lt;/td&gt;
&lt;td class=&#34;lntd&#34;&gt;
&lt;pre class=&#34;chroma&#34;&gt;&lt;code class=&#34;language-go&#34; data-lang=&#34;go&#34;&gt;&lt;span class=&#34;kd&#34;&gt;func&lt;/span&gt; &lt;span class=&#34;p&#34;&gt;(&lt;/span&gt;&lt;span class=&#34;nx&#34;&gt;self&lt;/span&gt; &lt;span class=&#34;nx&#34;&gt;Car&lt;/span&gt;&lt;span class=&#34;p&#34;&gt;)&lt;/span&gt; &lt;span class=&#34;nf&#34;&gt;run&lt;/span&gt;&lt;span class=&#34;p&#34;&gt;()&lt;/span&gt; &lt;span class=&#34;o&#34;&gt;//&lt;/span&gt; &lt;span class=&#34;p&#34;&gt;(&lt;/span&gt;&lt;span class=&#34;nx&#34;&gt;self&lt;/span&gt; &lt;span class=&#34;nx&#34;&gt;car&lt;/span&gt;&lt;span class=&#34;p&#34;&gt;)&lt;/span&gt;&lt;span class=&#34;nx&#34;&gt;就是方法接收者&lt;/span&gt;&lt;/code&gt;&lt;/pre&gt;&lt;/td&gt;&lt;/tr&gt;&lt;/table&gt;
&lt;/div&gt;
&lt;/div&gt;
&lt;p&gt;在JetBrains系类的开发工具中（IntelliJ、Goland）如果方法接收者名字是&lt;strong&gt;self  me  this&lt;/strong&gt;类似的词，IDE会提示*Receiver has generic name*信息 如下图所示&lt;/p&gt;

&lt;p&gt;&lt;img src=&#34;https://s2.ax1x.com/2019/08/26/mW6QpQ.png&#34; alt=&#34;mW6QpQ.png&#34; /&gt;&lt;/p&gt;</description>
    </item>
    
    <item>
      <title>Systemd集成Golang程序</title>
      <link>http://localhost:1313/post/2019.7.29_systemd%E9%9B%86%E6%88%90golang%E7%A8%8B%E5%BA%8F/</link>
      <pubDate>Mon, 29 Jul 2019 14:42:11 +0800</pubDate>
      
      <guid>http://localhost:1313/post/2019.7.29_systemd%E9%9B%86%E6%88%90golang%E7%A8%8B%E5%BA%8F/</guid>
      <description>&lt;p&gt;当想要在服务器上部署一个常驻程序时，不想让程序随着Terminal的退出而中止，你可以使用docker nohup supervisor 这些工具来实现。但是处于想学习Linux中Systemd的目的，我使用Systemd来实现把一个Golang程序作为一个系统服务&lt;/p&gt;</description>
    </item>
    
    <item>
      <title>golang time包相关的一些问题</title>
      <link>http://localhost:1313/post/time%E5%8C%85%E7%9B%B8%E5%85%B3%E7%9A%84%E4%B8%80%E4%BA%9B%E9%97%AE%E9%A2%98/</link>
      <pubDate>Thu, 25 Jul 2019 14:42:11 +0800</pubDate>
      
      <guid>http://localhost:1313/post/time%E5%8C%85%E7%9B%B8%E5%85%B3%E7%9A%84%E4%B8%80%E4%BA%9B%E9%97%AE%E9%A2%98/</guid>
      <description>&lt;h3 id=&#34;获取毫秒时间戳&#34;&gt;获取毫秒时间戳&lt;/h3&gt;
&lt;div class=&#34;highlight&#34;&gt;&lt;div class=&#34;chroma&#34;&gt;
&lt;table class=&#34;lntable&#34;&gt;&lt;tr&gt;&lt;td class=&#34;lntd&#34;&gt;
&lt;pre class=&#34;chroma&#34;&gt;&lt;code class=&#34;language-go&#34; data-lang=&#34;go&#34;&gt;&lt;span class=&#34;lnt&#34;&gt;1
&lt;/span&gt;&lt;span class=&#34;lnt&#34;&gt;2
&lt;/span&gt;&lt;span class=&#34;lnt&#34;&gt;3
&lt;/span&gt;&lt;span class=&#34;lnt&#34;&gt;4
&lt;/span&gt;&lt;/code&gt;&lt;/pre&gt;&lt;/td&gt;
&lt;td class=&#34;lntd&#34;&gt;
&lt;pre class=&#34;chroma&#34;&gt;&lt;code class=&#34;language-go&#34; data-lang=&#34;go&#34;&gt;&lt;span class=&#34;c1&#34;&gt;//第一种
&lt;/span&gt;&lt;span class=&#34;c1&#34;&gt;&lt;/span&gt;&lt;span class=&#34;nx&#34;&gt;time&lt;/span&gt;&lt;span class=&#34;p&#34;&gt;.&lt;/span&gt;&lt;span class=&#34;nf&#34;&gt;Now&lt;/span&gt;&lt;span class=&#34;p&#34;&gt;().&lt;/span&gt;&lt;span class=&#34;nf&#34;&gt;UnixNano&lt;/span&gt;&lt;span class=&#34;p&#34;&gt;()&lt;/span&gt; &lt;span class=&#34;o&#34;&gt;/&lt;/span&gt; &lt;span class=&#34;nb&#34;&gt;int64&lt;/span&gt;&lt;span class=&#34;p&#34;&gt;(&lt;/span&gt;&lt;span class=&#34;nx&#34;&gt;time&lt;/span&gt;&lt;span class=&#34;p&#34;&gt;.&lt;/span&gt;&lt;span class=&#34;nx&#34;&gt;Millisecond&lt;/span&gt;&lt;span class=&#34;p&#34;&gt;)&lt;/span&gt;
&lt;span class=&#34;c1&#34;&gt;//第二种
&lt;/span&gt;&lt;span class=&#34;c1&#34;&gt;&lt;/span&gt;&lt;span class=&#34;nx&#34;&gt;time&lt;/span&gt;&lt;span class=&#34;p&#34;&gt;.&lt;/span&gt;&lt;span class=&#34;nf&#34;&gt;Now&lt;/span&gt;&lt;span class=&#34;p&#34;&gt;().&lt;/span&gt;&lt;span class=&#34;nf&#34;&gt;UnixNano&lt;/span&gt;&lt;span class=&#34;p&#34;&gt;()&lt;/span&gt; &lt;span class=&#34;o&#34;&gt;/&lt;/span&gt; &lt;span class=&#34;mf&#34;&gt;1e6&lt;/span&gt;&lt;/code&gt;&lt;/pre&gt;&lt;/td&gt;&lt;/tr&gt;&lt;/table&gt;
&lt;/div&gt;
&lt;/div&gt;</description>
    </item>
    
    <item>
      <title>MySql索引优化</title>
      <link>http://localhost:1313/post/2019.3.25_mysql%E7%B4%A2%E5%BC%95%E4%BC%98%E5%8C%96/</link>
      <pubDate>Mon, 25 Mar 2019 14:42:11 +0800</pubDate>
      
      <guid>http://localhost:1313/post/2019.3.25_mysql%E7%B4%A2%E5%BC%95%E4%BC%98%E5%8C%96/</guid>
      <description>MySql索引优化 语法 1 2 3 4 5 6 7 8 9 10 11 12 13 14 15 16 17 18 19 20 create table user_info ( id int AUTO_INCREMENT, name varchar(20), age int(3), email varchar(256), PRIMARY KEY (id) ); create index idx_user_nameAgeEmail on user_info (name,age,email); create table t ( a varchar(20), b int(3), c varchar(20) ); create index idx_a_b_c on t</description>
    </item>
    
    <item>
      <title>使用idea自带的plugin反编译jar</title>
      <link>http://localhost:1313/post/%E4%BD%BF%E7%94%A8idea%E8%87%AA%E5%B8%A6%E7%9A%84plugin%E5%8F%8D%E7%BC%96%E8%AF%91jar/</link>
      <pubDate>Mon, 25 Mar 2019 14:42:11 +0800</pubDate>
      
      <guid>http://localhost:1313/post/%E4%BD%BF%E7%94%A8idea%E8%87%AA%E5%B8%A6%E7%9A%84plugin%E5%8F%8D%E7%BC%96%E8%AF%91jar/</guid>
      <description>问题 之前想反编译jar包,在网上了找了一些反编译的工具感觉都不太好用.就来我发现idea自带的反编译插件挺好用,但是没有GUI只能使用命令.</description>
    </item>
    
    <item>
      <title>B-树的一些概念</title>
      <link>http://localhost:1313/post/2019.3.21_b-%E6%A0%91%E7%9A%84%E4%B8%80%E4%BA%9B%E6%A6%82%E5%BF%B5/</link>
      <pubDate>Thu, 21 Mar 2019 14:42:11 +0800</pubDate>
      
      <guid>http://localhost:1313/post/2019.3.21_b-%E6%A0%91%E7%9A%84%E4%B8%80%E4%BA%9B%E6%A6%82%E5%BF%B5/</guid>
      <description>&lt;h3 id=&#34;阶-的含义&#34;&gt;“阶”的含义&lt;/h3&gt;

&lt;p&gt;B-树的所有结点中&lt;strong&gt;最多可以拥有的子结点的个数&lt;/strong&gt;为“阶”，用M表示，下图是一个三阶B-树&lt;/p&gt;

&lt;p&gt;&lt;a href=&#34;https://imgchr.com/i/A3Ce7n&#34;&gt;&lt;img src=&#34;https://s2.ax1x.com/2019/03/21/A3Ce7n.png&#34; alt=&#34;A3Ce7n.png&#34; /&gt;&lt;/a&gt;&lt;/p&gt;

&lt;p&gt;三阶B树中所有节点的子节点最多有三个，不能超过三个&lt;/p&gt;</description>
    </item>
    
    <item>
      <title>VoltDB入门</title>
      <link>http://localhost:1313/post/2019.3.18_voltdb%E5%85%A5%E9%97%A8/</link>
      <pubDate>Mon, 18 Mar 2019 14:42:11 +0800</pubDate>
      
      <guid>http://localhost:1313/post/2019.3.18_voltdb%E5%85%A5%E9%97%A8/</guid>
      <description>&lt;h1 id=&#34;安装运行&#34;&gt;安装运行&lt;/h1&gt;

&lt;h3 id=&#34;环境要求&#34;&gt;环境要求&lt;/h3&gt;

&lt;ul&gt;
&lt;li&gt;&lt;p&gt;python2.7以上，不支持python3&lt;/p&gt;&lt;/li&gt;

&lt;li&gt;&lt;p&gt;java8&lt;/p&gt;&lt;/li&gt;
&lt;/ul&gt;

&lt;h3 id=&#34;安装&#34;&gt;安装&lt;/h3&gt;

&lt;ul&gt;
&lt;li&gt;&lt;p&gt;到官网注册个账号才能把下载链接发到邮箱，很蛋疼，不能直接下载&lt;/p&gt;&lt;/li&gt;

&lt;li&gt;&lt;p&gt;解压&lt;/p&gt;&lt;/li&gt;

&lt;li&gt;&lt;p&gt;把voltdb/bin/加入环境变量&lt;/p&gt;&lt;/li&gt;
&lt;/ul&gt;</description>
    </item>
    
    <item>
      <title>Ubuntu18.04 修改Mysql5.7默认root密码</title>
      <link>http://localhost:1313/post/2019.3.16_ubuntu18.04-%E4%BF%AE%E6%94%B9mysql5.7%E9%BB%98%E8%AE%A4root%E5%AF%86%E7%A0%81/</link>
      <pubDate>Sat, 16 Mar 2019 14:42:11 +0800</pubDate>
      
      <guid>http://localhost:1313/post/2019.3.16_ubuntu18.04-%E4%BF%AE%E6%94%B9mysql5.7%E9%BB%98%E8%AE%A4root%E5%AF%86%E7%A0%81/</guid>
      <description>&lt;h4 id=&#34;步骤&#34;&gt;步骤&lt;/h4&gt;

&lt;ul&gt;
&lt;li&gt;&lt;p&gt;设置mysql免密码登陆
编辑/etc/mysql/my.cnf文件,在最后加入以下设置&lt;/p&gt;
&lt;div class=&#34;highlight&#34;&gt;&lt;div class=&#34;chroma&#34;&gt;
&lt;table class=&#34;lntable&#34;&gt;&lt;tr&gt;&lt;td class=&#34;lntd&#34;&gt;
&lt;pre class=&#34;chroma&#34;&gt;&lt;code class=&#34;language-aidl&#34; data-lang=&#34;aidl&#34;&gt;&lt;span class=&#34;lnt&#34;&gt;1
&lt;/span&gt;&lt;span class=&#34;lnt&#34;&gt;2
&lt;/span&gt;&lt;/code&gt;&lt;/pre&gt;&lt;/td&gt;
&lt;td class=&#34;lntd&#34;&gt;
&lt;pre class=&#34;chroma&#34;&gt;&lt;code class=&#34;language-aidl&#34; data-lang=&#34;aidl&#34;&gt;[mysqld]
skip-grant-tables=1&lt;/code&gt;&lt;/pre&gt;&lt;/td&gt;&lt;/tr&gt;&lt;/table&gt;
&lt;/div&gt;
&lt;/div&gt;&lt;/li&gt;

&lt;li&gt;&lt;p&gt;重启mysql&lt;/p&gt;
&lt;div class=&#34;highlight&#34;&gt;&lt;div class=&#34;chroma&#34;&gt;
&lt;table class=&#34;lntable&#34;&gt;&lt;tr&gt;&lt;td class=&#34;lntd&#34;&gt;
&lt;pre class=&#34;chroma&#34;&gt;&lt;code class=&#34;language-aidl&#34; data-lang=&#34;aidl&#34;&gt;&lt;span class=&#34;lnt&#34;&gt;1
&lt;/span&gt;&lt;span class=&#34;lnt&#34;&gt;2
&lt;/span&gt;&lt;/code&gt;&lt;/pre&gt;&lt;/td&gt;
&lt;td class=&#34;lntd&#34;&gt;
&lt;pre class=&#34;chroma&#34;&gt;&lt;code class=&#34;language-aidl&#34; data-lang=&#34;aidl&#34;&gt;$ sudo service mysql stop
$ sudo service mysql strat&lt;/code&gt;&lt;/pre&gt;&lt;/td&gt;&lt;/tr&gt;&lt;/table&gt;
&lt;/div&gt;
&lt;/div&gt;&lt;/li&gt;
&lt;/ul&gt;</description>
    </item>
    
    <item>
      <title>WSL安装和使用LxRunOffline备份</title>
      <link>http://localhost:1313/post/2019.3.16_wsl%E5%AE%89%E8%A3%85%E5%92%8C%E4%BD%BF%E7%94%A8lxrunoffline%E5%A4%87%E4%BB%BD/</link>
      <pubDate>Sat, 16 Mar 2019 14:42:11 +0800</pubDate>
      
      <guid>http://localhost:1313/post/2019.3.16_wsl%E5%AE%89%E8%A3%85%E5%92%8C%E4%BD%BF%E7%94%A8lxrunoffline%E5%A4%87%E4%BB%BD/</guid>
      <description>&lt;h1 id=&#34;安装&#34;&gt;安装&lt;/h1&gt;

&lt;h3 id=&#34;开启wsl组件&#34;&gt;开启WSL组件&lt;/h3&gt;
&lt;div class=&#34;highlight&#34;&gt;&lt;div class=&#34;chroma&#34;&gt;
&lt;table class=&#34;lntable&#34;&gt;&lt;tr&gt;&lt;td class=&#34;lntd&#34;&gt;
&lt;pre class=&#34;chroma&#34;&gt;&lt;code class=&#34;language-powershell&#34; data-lang=&#34;powershell&#34;&gt;&lt;span class=&#34;lnt&#34;&gt;1
&lt;/span&gt;&lt;/code&gt;&lt;/pre&gt;&lt;/td&gt;
&lt;td class=&#34;lntd&#34;&gt;
&lt;pre class=&#34;chroma&#34;&gt;&lt;code class=&#34;language-powershell&#34; data-lang=&#34;powershell&#34;&gt;  &lt;span class=&#34;nb&#34;&gt;Enable-WindowsOptionalFeature&lt;/span&gt; &lt;span class=&#34;n&#34;&gt;-Online&lt;/span&gt; &lt;span class=&#34;n&#34;&gt;-FeatureName&lt;/span&gt; &lt;span class=&#34;n&#34;&gt;Microsoft-Windows-Subsystem-Linux&lt;/span&gt;&lt;/code&gt;&lt;/pre&gt;&lt;/td&gt;&lt;/tr&gt;&lt;/table&gt;
&lt;/div&gt;
&lt;/div&gt;
&lt;h3 id=&#34;下载镜像&#34;&gt;下载镜像&lt;/h3&gt;

&lt;p&gt;由于我的Win10是精简版所以没用应用商店所以只能手动下载镜像&lt;/p&gt;

&lt;p&gt;各个发行版 &lt;a href=&#34;https://docs.microsoft.com/en-us/windows/wsl/install-manua&#34;&gt;https://docs.microsoft.com/en-us/windows/wsl/install-manua&lt;/a&gt;&lt;/p&gt;</description>
    </item>
    
    <item>
      <title>MySql事务等级和幻读</title>
      <link>http://localhost:1313/post/2019.3.26_mysql%E4%BA%8B%E5%8A%A1%E7%AD%89%E7%BA%A7%E5%92%8C%E5%B9%BB%E8%AF%BB/</link>
      <pubDate>Mon, 01 Jan 0001 00:00:00 +0000</pubDate>
      
      <guid>http://localhost:1313/post/2019.3.26_mysql%E4%BA%8B%E5%8A%A1%E7%AD%89%E7%BA%A7%E5%92%8C%E5%B9%BB%E8%AF%BB/</guid>
      <description>&lt;h3 id=&#34;四个事物等级&#34;&gt;四个事物等级&lt;/h3&gt;

&lt;ul&gt;
&lt;li&gt;read uncommitted ：有可能脏读&lt;/li&gt;
&lt;/ul&gt;

&lt;p&gt;一个事务过程中读取到了，另一个事务的中途数据&lt;/p&gt;

&lt;ul&gt;
&lt;li&gt;read committed ：有可能不可重复读&lt;/li&gt;
&lt;/ul&gt;

&lt;p&gt;即在一次事务之间，进行了两次读取，但是结果不一样，可能第一次id为1的人叫“李三”，第二次读id为1的人就叫了“李四”。因为读取操作不会阻止其他事务&lt;/p&gt;

&lt;ul&gt;
&lt;li&gt;repetable read ：有可能幻读&lt;/li&gt;
&lt;/ul&gt;

&lt;p&gt;幻读侧重的方面是某一次的 select 操作得到的结果所表征的数据状态无法支撑后续的业务操作。更为具体一些：select 某记录是否存在，不存在，准备插入此记录，但执行 insert 时发现此记录已存在，无法插入，此时就发生了幻读&lt;/p&gt;

&lt;ul&gt;
&lt;li&gt;&lt;p&gt;serializable ：效率最低&lt;/p&gt;

&lt;p&gt;可避免幻读。读加共享锁，写加排他锁。这样读取事务可以并发，但是读写，写写事务之间都是互斥的，基本上就是一个个执行事务，所以叫序列化&lt;/p&gt;&lt;/li&gt;
&lt;/ul&gt;</description>
    </item>
    
  </channel>
</rss>