<?xml version="1.0" encoding="utf-8" standalone="yes" ?>
<rss version="2.0" xmlns:atom="http://www.w3.org/2005/Atom">
  <channel>
    <title>Tags on Noel&#39;s Blog </title>
    <link>http://localhost:1313/tags/</link>
    <description>Recent content in Tags on Noel&#39;s Blog </description>
    <generator>Hugo -- gohugo.io</generator>
    <language>en</language>
    <lastBuildDate>Sun, 13 Oct 2019 14:42:11 +0800</lastBuildDate>
    
	<atom:link href="http://localhost:1313/tags/index.xml" rel="self" type="application/rss+xml" />
    
    
    <item>
      <title>linux</title>
      <link>http://localhost:1313/tags/linux/</link>
      <pubDate>Sun, 13 Oct 2019 14:42:11 +0800</pubDate>
      
      <guid>http://localhost:1313/tags/linux/</guid>
      <description></description>
    </item>
    
  </channel>
</rss>