<?xml version="1.0" encoding="utf-8" standalone="yes" ?>
<rss version="2.0" xmlns:atom="http://www.w3.org/2005/Atom">
  <channel>
    <title>Categories on Noel&#39;s Blog </title>
    <link>http://localhost:1313/categories/</link>
    <description>Recent content in Categories on Noel&#39;s Blog </description>
    <generator>Hugo -- gohugo.io</generator>
    <language>en</language>
    
	<atom:link href="http://localhost:1313/categories/index.xml" rel="self" type="application/rss+xml" />
    
    
  </channel>
</rss>