<?xml version="1.0" encoding="utf-8" standalone="yes" ?>
<rss version="2.0" xmlns:atom="http://www.w3.org/2005/Atom">
  <channel>
    <title>linux on Noel&#39;s Blog </title>
    <link>http://localhost:1313/tags/linux/</link>
    <description>Recent content in linux on Noel&#39;s Blog </description>
    <generator>Hugo -- gohugo.io</generator>
    <language>en</language>
    <lastBuildDate>Sun, 13 Oct 2019 14:42:11 +0800</lastBuildDate>
    
	<atom:link href="http://localhost:1313/tags/linux/index.xml" rel="self" type="application/rss+xml" />
    
    
    <item>
      <title>Linux常用命令</title>
      <link>http://localhost:1313/post/2019.10.13_linux%E5%B8%B8%E7%94%A8%E5%91%BD%E4%BB%A4/</link>
      <pubDate>Sun, 13 Oct 2019 14:42:11 +0800</pubDate>
      
      <guid>http://localhost:1313/post/2019.10.13_linux%E5%B8%B8%E7%94%A8%E5%91%BD%E4%BB%A4/</guid>
      <description>zip命令 使用unzip的时候有时候想把文件解压到一个新的文件夹，如果直接写一个新目录会报错 在要解压的目的地的前面加个参数－d，就能新建一个</description>
    </item>
    
  </channel>
</rss>